_Operating_Expense_Rate,_Research_and_development_expense_rate,_Tax_rate_(A),_Total_Asset_Growth_Rate,_Inventory_Turnover_Rate_(times),_Quick_Asset_Turnover_Rate,_Cash_Turnover_Rate,_Fixed_Assets_to_Assets
0.0001250030499125,0.0,0.132604514626987,8030000000.0,986000000.0,0.0001340191220182,9190000000.0,0.220212240830259
0.0001673260066821,3720000000.0,0.191719809697338,7930000000.0,8940000000.0,0.0001650673405119,0.0001990449756707,0.235075095376618
8680000000.0,2390000000.0,0.245976313392044,8400000000.0,0.00011349737972,0.0001662440458343,0.0001147476319429,0.264982595089246
0.0001623536374442,7110000000.0,0.0156898471505213,6710000000.0,0.0001593549068796,8660000000.0,4180000000.0,0.1153128153861
5410000000.0,849000000.0,0.224820325943921,8080000000.0,7680000000.0,7700000000.0,231000000.0,0.190196980207684
0.0001452394363461,2290000000.0,0.184127948172892,7750000000.0,8880000000.0,0.0001084445150992,2500000000.0,0.153481919777212
6700000000.0,2940000000.0,0.0,5870000000.0,0.0001605013450585,0.0001944816163418,0.0001395812969041,0.0969481434666129
7810000000.0,407000000.0,0.138880453487195,6850000000.0,0.0001073830427653,898000000.0,712000000.0,0.355897829086788
0.0001898751229938,0.0001405822857151,0.17694098592975,8260000000.0,0.0001113955763918,0.0001318292892314,0.0001095034534115,0.457350662687136
0.0002219064318058,362000000.0,0.25255592671323,8850000000.0,0.0003825282057229,0.000152903395511,767000000.0,0.11484564895868
0.0001008350226861,1830000000.0,0.270877619192226,7360000000.0,9000000000.0,0.0001375419698103,3770000000.0,0.16941669629997
0.000252434466197,0.0002127410676341,0.0572932483044843,8510000000.0,5430000000.0,0.0001561355961925,0.0001740450439671,0.154981598122622
0.0001968133126282,0.0001195288999317,0.0,6860000000.0,0.0001104402112426,9340000000.0,2600000000.0,0.157712208546409
0.0001830525698534,370000000.0,0.23109626480413,5940000000.0,0.0004274303677334,0.0001124329394084,4130000000.0,0.133729633213847
0.0001474365297303,7180000000.0,0.255288996862031,8380000000.0,0.0002892845671651,0.0001022385838303,9550000000.0,0.116320276069257
0.0003279450967177,0.0001410916418228,0.0382629820832068,6990000000.0,5250000000.0,0.0001508099463124,2810000000.0,0.383011043258711
0.0001277783257662,1970000000.0,0.272800890778419,6470000000.0,7300000000.0,0.0001311577624784,2920000000.0,0.167106992903491
0.0001895282135121,1780000000.0,0.357019941289604,5660000000.0,0.0001297385872556,0.0001948756053131,7780000000.0,0.206204846334678
0.0001217652280831,1770000000.0,0.285453993319162,7480000000.0,9520000000.0,9930000000.0,9670000000.0,0.431696603138509
0.0002316198972939,2330000000.0,0.120963660289503,8720000000.0,0.0001226688851519,0.0001792427121068,6480000000.0,0.205582616183152
6410000000.0,0.0,0.316631237979553,6630000000.0,0.0001262992727187,9170000000.0,7090000000.0,0.164711197517456
9750000000.0,8510000000.0,0.0,8500000000.0,0.0001104402112426,6640000000.0,4570000000.0,0.242012488827257
0.0001701012825359,3770000000.0,0.211661099301549,7070000000.0,0.0002176321809782,0.0001874772136161,0.0002250186226648,0.171151619056896
0.0001611972725051,7230000000.0,0.134932685494483,6610000000.0,0.0002128553552324,0.0001941875984876,0.0001788828962231,0.153366010939963
0.0001287034177175,0.0,0.0,6090000000.0,8710000000.0,0.0001002900745538,5950000000.0,0.266810876543048
0.0002361297205563,6080000000.0,0.135337584775787,6780000000.0,0.0017320770154239,0.0001333160703666,0.000178024602478,0.143133411593381
0.0001595783615904,428000000.0,0.226136248608159,7270000000.0,5160000000.0,0.0001847347128141,2880000000.0,0.133959941553772
0.0001276626892723,3070000000.0,0.194351655025812,8120000000.0,0.0002831702302105,0.0001780582838892,0.0002112776471371,0.129206430228934
0.0001259281418637,577000000.0,0.196376151432331,5980000000.0,6020000000.0,8030000000.0,821000000.0,0.353769066082734
0.0001472052567425,1870000000.0,0.10507136349833,6170000000.0,5040000000.0,648000000.0,5100000000.0,0.301846682938609
0.0001128612180523,4750000000.0,0.219151736005669,7030000000.0,5500000000.0,0.0001016949076962,7800000000.0,0.0847775595598403
0.0001108953976559,1970000000.0,0.136248608158721,6930000000.0,7170000000.0,0.0001305440609435,8630000000.0,0.302056306886443
0.0001561092667732,985000000.0,0.326450045551169,6460000000.0,9100000000.0,0.0001239770435678,0.0001391621427458,0.353149684141626
0.0001450081633582,593000000.0,0.310254074299018,9290000000.0,6570000000.0,9080000000.0,587000000.0,0.212831666045157
0.0001245405039369,2650000000.0,0.189087964368863,5970000000.0,0.0001071919697355,8220000000.0,8590000000.0,0.287184278561153
0.0001233841389978,4570000000.0,0.218848061544691,7700000000.0,7640000000.0,0.0001564239641222,3020000000.0,0.178361653498279
0.0003310672820532,0.0002062892236037,0.0,5490000000.0,566000000.0,0.0001374039526173,8560000000.0,0.323165178406301
0.0001099703057047,8230000000.0,0.0,8160000000.0,0.0003158437183117,0.000107134687873,0.0001714363554984,0.472164332141724
0.0001421172510106,6840000000.0,0.131997165705031,7110000000.0,0.0017380002793487,0.0001186607192651,0.0001115339332438,0.311762523475835
6230000000.0,407000000.0,0.226946047170766,6810000000.0,9900000000.0,747000000.0,3280000000.0,0.305834149630921
9670000000.0,3550000000.0,0.0767284138070655,6750000000.0,667000000.0,8610000000.0,5060000000.0,0.470610880781995
782000000.0,2650000000.0,0.162162162162162,8170000000.0,0.0001150259639586,8940000000.0,165000000.0,0.298916910600685
5380000000.0,25500000.0,0.282417248709384,7590000000.0,0.0001299296602855,7240000000.0,978000000.0,0.27453493703331
0.000185943482201,0.0,0.495191821034518,6140000000.0,0.0002724701405399,9660000000.0,7850000000.0,0.302931735402645
0.000114480128967,3460000000.0,0.195363903229072,7380000000.0,0.0004409965528514,0.0001120543316032,5860000000.0,0.0877484796021377
0.0001312474205834,1380000000.0,0.216317441036542,7160000000.0,4800000000.0,7970000000.0,432000000.0,0.221370601912173
5800000000.0,3890000000.0,0.0551675270776394,7640000000.0,0.0001648960247447,0.0001183974234996,0.0001902841719086,0.5028192221033
0.0001991260425063,6110000000.0,0.204676586699059,7230000000.0,0.0013008251870939,0.0001216136616903,0.0001664491560423,0.139412130154815
932000000.0,2040000000.0,0.196882275533961,7050000000.0,6920000000.0,9120000000.0,4700000000.0,0.304935192644543
0.0001209557726258,5470000000.0,0.274319263083308,6770000000.0,9310000000.0,0.0001049054204694,3800000000.0,0.37879406783288
0.0002220220682997,0.0001042482167018,0.0969733778722543,6980000000.0,0.0001540048620443,0.0001940544883337,0.0001661157756413,0.0860792289119792
3150000000.0,119000000.0,0.265917602996255,5700000000.0,0.0001641317326253,0.0001447807609798,4050000000.0,0.053405434015221
0.0002848126844907,0.000166559447206,0.0,5300000000.0,0.0002191607652169,0.0001819532538525,0.0002056425109621,0.0543074943835708
0.0001098546692108,4960000000.0,0.272699665958093,6480000000.0,9310000000.0,0.000112489998535,5140000000.0,0.121814800420369
5200000000.0,1220000000.0,0.219050511185343,6520000000.0,0.0001450244296422,0.0001203485665093,3130000000.0,0.208571089342321
0.0001219965010709,50900000.0,0.228565644295981,5770000000.0,0.0006800289131708,0.0001472475746046,2840000000.0,0.0903968700322515
0.0003008861571437,1000000000.0,0.202550865472214,6720000000.0,0.0015008786493276,0.000121624139636,6830000000.0,0.355446627927341
7170000000.0,2380000000.0,0.257212268448223,5970000000.0,0.0003452689649058,0.0001211825352017,0.0002164471541102,0.417301114404631
0.0001084670312839,2870000000.0,0.0986941998177953,6180000000.0,0.0005239222477984,0.0001381537517104,800000000.0,0.100498919686289
0.0001749580152799,3530000000.0,0.0,6090000000.0,9210000000.0,0.000142815866511,326000000.0,0.458075737305601
0.0001098546692108,2840000000.0,0.046867091810912,7080000000.0,0.000104325874288,0.0001046477258666,3820000000.0,0.418648524549109
0.0001630474564076,6670000000.0,0.057698147585788,6310000000.0,7380000000.0,0.0001665354631488,2720000000.0,0.364682411480193
0.0003893480749819,0.0,0.219050511185343,7100000000.0,3900000000.0,0.0002285443841742,439000000.0,0.222339567848647
0.0002275726200072,0.0001061158557632,0.234639133515538,9610000000.0,7490000000.0,6270000000.0,4660000000.0,0.211500888540408
0.0001500961690901,2870000000.0,0.209737827715356,7120000000.0,4360000000.0,6570000000.0,3190000000.0,0.268888639328125
0.0002263006185742,7620000000.0,0.0796639335965179,7300000000.0,0.0002701772641819,0.0001161177388768,9520000000.0,0.31870509577262
7380000000.0,0.0,0.254175523838445,7010000000.0,0.0002396055794089,0.0001093073032829,7530000000.0,0.130382269012645
0.0002435304561663,7130000000.0,0.184836521915174,8920000000.0,0.0001345154130014,0.0001814796242689,8000000000.0,0.16000520595425
7200000000.0,832000000.0,0.088369268144549,6630000000.0,0.000149801255388,0.0001019385685492,0.0001076002119348,0.111740722527407
0.000179814748024,2770000000.0,0.227452171272396,9820000000.0,0.0001461708678212,0.0001527836734516,0.0001488328702972,0.286380190639308
0.0001199150441806,5280000000.0,0.15872051827108,7530000000.0,0.0001562977384022,0.0001069332962926,3260000000.0,0.186626247919582
9980000000.0,6060000000.0,0.0942403077234538,6780000000.0,9320000000.0,0.0001175572799573,4230000000.0,0.285730066207948
0.0001677885526577,6660000000.0,0.178864257515943,7220000000.0,5960000000.0,0.000127258199785,0.0001040387622083,0.259574771213702
0.0001799303845179,0.0001256411732236,0.168336876202045,8620000000.0,8410000000.0,5540000000.0,338000000.0,0.135537171389815
0.0001241935944551,5570000000.0,0.222390930256099,7970000000.0,0.0002619611238992,0.0001164583320369,9080000000.0,0.0751034945862039
0.0002468839144895,0.0,0.14849681141816,9860000000.0,7010000000.0,0.0001417253317906,5970000000.0,0.291091680271374
0.0001733391043652,4640000000.0,0.0,6040000000.0,3440000000.0,0.000271506656154,0.0001996089484361,0.194857615285506
6980000000.0,2460000000.0,0.357829739852212,6710000000.0,0.0003198562519381,0.0001849691984881,0.0003173077921883,0.341075422847468
0.0001733391043652,1210000000.0,0.19141613523636,8090000000.0,5670000000.0,0.0001172273803529,4320000000.0,0.306723490678753
0.0001771551086641,362000000.0,0.380706549245875,6510000000.0,0.0001729210919976,0.0001309726415292,7730000000.0,0.220048463049252
0.0001123986720767,1750000000.0,0.315618989776293,5620000000.0,8450000000.0,9210000000.0,6190000000.0,0.315321395968651
0.0002427210007089,0.0001930459648045,0.0838141512298816,7300000000.0,7070000000.0,0.0001177496990439,0.0001512333455733,0.159131050196567
0.0001240779579612,5300000000.0,0.0,6180000000.0,3990000000.0,0.0001061650402115,9520000000.0,0.304671753325977
9170000000.0,4700000000.0,0.0,8120000000.0,0.0001862962040858,0.0001315830193199,0.0001458612941115,0.591023597195004
7310000000.0,2070000000.0,0.285858892600466,6470000000.0,0.0001561066653724,0.0001115415922868,7110000000.0,0.549895270362815
0.000319041086687,0.0002942380448603,0.0,8260000000.0,6250000000.0,0.0001679149289114,0.0001075953680962,0.169818143138795
0.0001078888488144,8250000000.0,0.0404899281303776,8000000000.0,5010000000.0,0.0001163572420386,0.0001518281282886,0.101840726387419
0.0001734547408591,7250000000.0,0.0,6330000000.0,5040000000.0,8070000000.0,3900000000.0,0.478025250818244
0.0001179492237842,0.0,0.139285352768499,7200000000.0,0.0002071231643375,0.0001594204257125,0.0001921467581352,0.234231055027677
0.0001788896560727,2510000000.0,0.149104160340115,6190000000.0,0.0001052812394372,0.0001893352027828,4380000000.0,0.207034589845034
0.0001720671029323,6400000000.0,0.212774572325134,7590000000.0,7200000000.0,1000000000.0,7880000000.0,0.374909402218011
0.0001346008789067,0.0,0.266929851199514,6100000000.0,0.0002172500349185,0.0001321274312896,5660000000.0,0.135716251199373
0.0001854809362254,419000000.0,0.26328575766778,6330000000.0,0.0001870604962051,0.0001161887007421,4920000000.0,0.157031071990077
0.0001718358299445,2310000000.0,0.22411175220164,7600000000.0,0.0001329868287628,0.0001367672398451,1550000000.0,0.190607504748701
0.0001260437783576,0.0001108698461014,0.0637716368053447,5990000000.0,8480000000.0,0.0001492349562666,0.0001638766505828,0.465618617728132
5790000000.0,815000000.0,0.259844113776698,8040000000.0,0.0008374730897521,0.00013619302492,5760000000.0,0.108207243219967
0.0001518307164987,4180000000.0,0.0839153760502075,6340000000.0,3170000000.0,0.0002049058965885,4590000000.0,0.211118990735223
0.0001209557726258,3010000000.0,0.409049498937139,6460000000.0,4660000000.0,0.0001056427520702,5500000000.0,0.225244948058828
0.0002577537449167,0.0001283577391312,0.0,8650000000.0,4680000000.0,5470000000.0,1310000000.0,0.116434629083188
0.0002478090064408,7350000000.0,0.484968114181597,6440000000.0,9650000000.0,0.0001631551491993,9600000000.0,0.0736435940768281
0.0001193368617111,475000000.0,0.273205790059723,7060000000.0,577000000.0,9660000000.0,1050000000.0,0.241062115289368
0.0001839776618046,2580000000.0,0.203664338495799,5880000000.0,0.000125917126659,8720000000.0,8370000000.0,0.124309401951062
0.0001074263028387,2480000000.0,0.203056989573843,6790000000.0,0.0009337738967873,0.0001715227250255,4100000000.0,0.186734772278025
8490000000.0,170000000.0,0.251240004048993,9030000000.0,0.0001708192886695,83600000.0,3230000000.0,0.460172999536323
4690000000.0,0.0,0.267840874582448,5040000000.0,9290000000.0,0.0001460129671025,4570000000.0,0.0444402635107666
0.0001587689061331,3070000000.0,0.226439923069137,7500000000.0,7950000000.0,9560000000.0,3110000000.0,0.325826883212864
0.0001065012108875,0.0,0.273408239700375,9340000000.0,0.0001012687058107,6900000000.0,5910000000.0,0.468796892034445
0.0001886031215608,0.0,0.0862435469177042,6590000000.0,0.0002770558932559,0.0001125198158839,0.0001149119622932,0.30163429549318
0.00021670278958,0.0001421103540381,0.166312379795526,6880000000.0,812000000.0,7680000000.0,8000000000.0,0.270534700399401
0.0001256968688759,79800000.0,0.191213685595708,8790000000.0,8920000000.0,9660000000.0,3970000000.0,0.406224821825068
0.0002289602579341,6280000000.0,0.127644498431015,6750000000.0,5270000000.0,0.0002441926570778,0.0002339032207651,0.142239498119249
0.0001127455815584,3020000000.0,0.174815264702905,5560000000.0,4600000000.0,9400000000.0,7420000000.0,0.23080558560324
0.0001149426749426,2160000000.0,0.28150622532645,8480000000.0,5890000000.0,58700000.0,1920000000.0,0.221813158231294
0.0001047666634789,0.0,0.0283429496912643,7200000000.0,0.0001098669921532,9460000000.0,558000000.0,0.206808540907196
0.0002946417864728,0.0001334513002078,0.0,7410000000.0,9820000000.0,0.0002355988160798,5160000000.0,0.162404919824912
0.0001226903200344,4720000000.0,0.273914363802004,7030000000.0,751000000.0,0.0001175942785324,9940000000.0,0.0864159696168409
0.0001594627250965,6490000000.0,0.179066707156595,5980000000.0,6960000000.0,9790000000.0,5280000000.0,0.330822509985669
0.0002864315954054,0.0001505996224992,0.0930256098795424,8710000000.0,667000000.0,0.0001506704727232,3490000000.0,0.172316907994836
0.0001334445139676,5450000000.0,0.0,9600000000.0,6000000000.0,0.0001147871740129,0.000133689639005,0.185453629256245
0.000219246792446,7570000000.0,0.171272395991497,6510000000.0,0.0001155991830481,0.0002432107816213,0.0002392518721822,0.111062682121465
0.0004283175734283,272000000.0,0.0192327158619293,6860000000.0,751000000.0,0.0001272051294452,1910000000.0,0.267712693103759
0.0001151739479305,255000000.0,0.215507642473935,8180000000.0,6270000000.0,0.000164154881813,7000000000.0,0.179563347255562
5450000000.0,1970000000.0,0.19465532948679,7600000000.0,0.0001368082893594,8840000000.0,5610000000.0,0.066018312871061
0.0002257224361047,8510000000.0,0.290818908796437,6690000000.0,4300000000.0,0.0001341930194925,0.00010453477096,0.239852591794413
4340000000.0,866000000.0,0.014373924486284,7060000000.0,0.0001650870977745,0.0001244668583023,4720000000.0,0.441575659714853
3930000000.0,0.0,0.295272800890778,6550000000.0,0.0001268724918082,0.0001130282127425,4000000000.0,0.18337610511339
0.0001609659995173,1190000000.0,0.208928029152748,6560000000.0,0.0001561066653724,0.0001112446722149,8810000000.0,0.282147476190727
0.0001263906878394,2120000000.0,0.260755137159632,7290000000.0,7110000000.0,0.0001526327243528,609000000.0,0.156842461987879
0.0001055761189362,3040000000.0,0.186354894220063,7620000000.0,0.0001026062170196,0.0001211385812916,3080000000.0,0.324912804987498
0.0001450081633582,2260000000.0,0.191719809697338,6300000000.0,8250000000.0,9750000000.0,1670000000.0,0.172251662591436
0.0001195681346989,5650000000.0,0.0945439821844316,7720000000.0,8690000000.0,0.0001291173469012,5060000000.0,0.296727636813596
0.0002443399116236,1900000000.0,0.0708573742281607,6860000000.0,8660000000.0,0.0002066548557829,0.0002277625490508,0.289587877857778
0.0001624692739381,3840000000.0,0.296993622836319,6460000000.0,0.0001817104513699,0.0001609088077673,73500000.0,0.211854585240045
0.0002434148196724,4970000000.0,0.0926207105982387,7780000000.0,751000000.0,9410000000.0,3380000000.0,0.455061624054167
4720000000.0,0.0,0.192124708978642,6560000000.0,0.0002485860118109,0.0001896869133753,1200000000.0,0.13622800653135
0.0001184117697598,1270000000.0,0.353072173296892,5920000000.0,0.0001771246986539,0.0001817209906662,7570000000.0,0.185771218664504
0.0001638569118649,0.0,0.264399230691366,6330000000.0,8390000000.0,0.0001258064717403,0.0001687035280447,0.350698692152604
0.000180971112963,4110000000.0,0.0,7250000000.0,9530000000.0,0.0001639378176698,0.0001019595083264,0.147115964941933
0.0002407551803125,0.0001027201483788,0.0960623544893208,7760000000.0,9550000000.0,9140000000.0,8450000000.0,0.314781731893674
0.000116908495339,2410000000.0,0.212774572325134,7740000000.0,0.0001094848460935,0.0002010965767081,0.0002462513578786,0.0783191530747455
0.0001475521662242,543000000.0,0.244660390727806,7340000000.0,9880000000.0,9680000000.0,2030000000.0,0.474754155018326
5530000000.0,0.0,0.226136248608159,8530000000.0,0.0001664246089833,8620000000.0,130000000.0,0.30784452956343
0.0002104584189091,2850000000.0,0.187974491345278,6960000000.0,0.0001230510312115,0.0001573984806357,502000000.0,0.269448454724254
4720000000.0,0.0,0.227553396092722,7940000000.0,0.0001068098236758,0.0001651291733165,5190000000.0,0.0762343456952388
5940000000.0,424000000.0,0.109525255592671,6610000000.0,6520000000.0,8070000000.0,7460000000.0,0.271559054059257
0.0001559936302793,3450000000.0,0.24506529000911,7060000000.0,7990000000.0,9140000000.0,1930000000.0,0.315428086604391
0.0002234097062266,2340000000.0,0.2305901407025,7150000000.0,6920000000.0,0.0001092408950793,3160000000.0,0.220372474102763
0.0001106641246681,2990000000.0,0.190505111853426,8290000000.0,0.0001335600478523,0.0001237289157084,1850000000.0,0.231841229829531
0.0001574969047001,1390000000.0,0.279582953740257,7660000000.0,9290000000.0,0.0001468001777785,5180000000.0,0.211181668926839
0.0001236154119856,0.0,0.146269865370989,7060000000.0,0.0002350198266929,0.0001254412023865,0.0001401070489976,0.455885316796145
0.0001407296130837,6690000000.0,0.29324830448426,7460000000.0,5500000000.0,0.0001758754951489,0.0001626698928325,0.243332037750563
0.0002077987795493,0.0001224152512084,0.0,6630000000.0,9250000000.0,9210000000.0,4670000000.0,0.211720947661777
0.0001743798328104,5990000000.0,0.0,6930000000.0,0.0002061677991883,0.0001084644981015,7610000000.0,0.194669931958949
0.0001431579794557,6720000000.0,0.153861726895435,5870000000.0,8500000000.0,661000000.0,118000000.0,0.317372996954442
0.0001590001791209,7440000000.0,0.20538516044134,7910000000.0,0.0001297385872556,0.0003012428158276,0.0001063880966425,0.069004945075945
0.0003162658108332,7180000000.0,0.187873266524952,5410000000.0,0.0002913863704932,0.0001726919289378,9400000000.0,0.334366731292358
0.0001718358299445,866000000.0,0.174106690960624,6660000000.0,0.0001551513002233,8880000000.0,4600000000.0,0.587236110618732
0.0002481559159225,0.0,0.28474541957688,7860000000.0,8690000000.0,0.0001083661267291,9440000000.0,0.217087690983356
0.0001716045569566,7950000000.0,0.0461585180686304,7390000000.0,8600000000.0,0.0001392807271808,1880000000.0,0.384235896675463
0.0001429267064679,7080000000.0,0.0962648041299727,8420000000.0,9480000000.0,7790000000.0,3170000000.0,0.235806245557458
0.0002797246787589,0.0003281951187045,0.130984917501771,6150000000.0,7700000000.0,0.000136880588188,0.0001487580010979,0.149357453853857
0.0003222789085163,0.0002186835555569,0.290312784694807,6300000000.0,0.0001723478729081,0.0001931153174825,8610000000.0,0.346915320346769
4520000000.0,238000000.0,0.257515942909201,7800000000.0,974000000.0,9750000000.0,0.0001165521933762,0.0591210536701647
0.0001084670312839,2390000000.0,0.144144144144144,7640000000.0,0.0001809461592505,0.0001169047806485,570000000.0,0.162131258147953
0.0003021581585767,0.0002867674886146,0.112460775382124,6510000000.0,8750000000.0,0.0001456021687685,9760000000.0,0.150559861471641
657000000.0,458000000.0,0.169551574045956,7480000000.0,0.0001006954867212,0.0001009970832676,9020000000.0,0.387729844020675
0.0001565718127489,2280000000.0,0.237878327765968,8360000000.0,0.0001364261432998,0.000168350879015,6920000000.0,0.149642787304956
9190000000.0,4640000000.0,0.0742990181192428,8170000000.0,0.0001064276776162,660000000.0,2870000000.0,0.0470140942592314
0.0001302066921383,6550000000.0,0.168033201741067,9830000000.0,0.0002669290226748,0.0001419133667073,0.0001141952040272,0.435889613099965
0.0001947318557379,8370000000.0,0.149002935519789,6940000000.0,577000000.0,0.0001044524641929,402000000.0,0.30574386642277
0.0001519463529926,6430000000.0,0.223808077740662,6040000000.0,6170000000.0,0.0001088499930924,9770000000.0,0.248452690319972
0.0001595783615904,6030000000.0,0.0,9880000000.0,0.0001484637441791,0.0001569986117362,411000000.0,0.331925320117053
8040000000.0,6230000000.0,0.0,8090000000.0,0.0001071919697355,0.0001137528107165,0.0001148972298694,0.517959704333072
0.0002032889562869,806000000.0,0.226439923069137,7250000000.0,6960000000.0,8820000000.0,4450000000.0,0.224759106586166
8940000000.0,272000000.0,0.304281809899787,5850000000.0,0.0001492280362985,0.0001046739301308,0.0001180099364518,0.072635093078876
0.0004552608765084,0.0,0.226642372709788,6460000000.0,2660000000.0,0.0002443762282193,3520000000.0,0.219906301501393
0.0001574969047001,4210000000.0,0.181496102844417,6980000000.0,0.0001350886320909,0.0001182449730613,6120000000.0,0.219422528261324
0.0001611972725051,5620000000.0,0.191314910416034,7000000000.0,0.0001264903457485,0.0001237673257365,2410000000.0,0.326163193122026
0.0003593982230602,0.0002438117902016,0.0,7100000000.0,0.0002302430009471,0.0002033015027892,0.0001122514453225,0.1303375809321
0.0001998198614697,6600000000.0,0.161757262880858,6470000000.0,9710000000.0,0.0002041567084887,0.0001599612584377,0.118085228489018
5760000000.0,1040000000.0,0.343455815365928,6590000000.0,6860000000.0,0.0001419901785387,288000000.0,0.33565380731103
0.0003807909744328,0.0001876128329894,0.0334041907075615,9810000000.0,5080000000.0,0.0001833180540161,0.000301531770667,0.390920958518242
0.0001385325196995,3240000000.0,0.0412997266929851,5920000000.0,4570000000.0,0.0001297163746122,9930000000.0,0.222238327759939
0.00036205786242,0.0,0.249519182103452,6820000000.0,4620000000.0,0.000177125055828,4040000000.0,0.262460927811455
0.0002053704131772,0.0001151144803319,0.155886223301954,6750000000.0,0.0004602949288644,0.0001902680407483,0.0001584471942019,0.277288835218884
0.0002089551444883,8130000000.0,0.167729527280089,8280000000.0,7130000000.0,9280000000.0,3150000000.0,0.274952956593038
0.0002369391760136,0.0001049273581787,0.0,7360000000.0,8900000000.0,0.0001457632964852,0.0001429379496877,0.22010571445475
0.0001536809004012,0.0001314138757772,0.116509768195161,8970000000.0,5750000000.0,0.0001130708430299,0.000109611970588,0.165329686874668
6090000000.0,492000000.0,0.228160745014678,7080000000.0,0.0001694817774606,0.0001152152631604,8560000000.0,0.168264808517469
0.0001618910914685,1710000000.0,0.17319566757769,6470000000.0,6530000000.0,541000000.0,3990000000.0,0.6161330235384
0.0001320568760408,2190000000.0,0.160643789857273,7090000000.0,9250000000.0,9070000000.0,8960000000.0,0.181265656608537
7490000000.0,2530000000.0,0.0386678813645106,7400000000.0,0.0002910042244336,0.0001217391972912,0.0001460846717615,0.42954579413869
0.0001162146763756,6080000000.0,0.163781759287377,8730000000.0,8220000000.0,0.0001700636735812,0.0001348805323874,0.269395229244037
9260000000.0,0.0,0.354894220062759,5940000000.0,0.0002512610342286,0.000122882718046,0.000106912960168,0.0492363192684825
5620000000.0,323000000.0,0.214799068731653,7900000000.0,0.0001301207333153,0.0001134043469066,1250000000.0,0.284975134451544
0.0001583063601574,6110000000.0,0.154772750278368,9860000000.0,5460000000.0,0.0001818058758326,5380000000.0,0.195677345120278
0.0001513681705231,6030000000.0,0.255390221682356,8000000000.0,5960000000.0,0.0001705426064682,0.0001610257946822,0.192104219178372
0.0001630474564076,4500000000.0,0.153456827614131,6630000000.0,5180000000.0,0.0001288717276388,0.0002365252532703,0.1262415433926
0.0001511368975353,3920000000.0,0.203765563316125,7490000000.0,6310000000.0,0.0001278877592369,9700000000.0,0.313118968966093
0.0002830781370822,0.0001171519047626,0.0,6390000000.0,6270000000.0,0.0001502492936737,8850000000.0,0.375707360857152
0.0001579594506757,2750000000.0,0.260147788237676,7660000000.0,9710000000.0,0.000134079435271,6190000000.0,0.131376625035245
0.0001092764867412,593000000.0,0.0896851908087863,9030000000.0,0.0001326046827031,0.0001443226059737,5900000000.0,0.252338414845135
0.0002343951731477,2780000000.0,0.196882275533961,7440000000.0,8370000000.0,0.0001214694379228,5890000000.0,0.374801191916864
0.0001352946978701,6980000000.0,0.0950501062860613,7210000000.0,0.000145215502672,0.0001180555557724,6890000000.0,0.331020134671984
0.00025370646763,3870000000.0,0.222795829537403,7850000000.0,5940000000.0,0.000221521028616,7020000000.0,0.197508898348616
0.0001055761189362,2940000000.0,0.120862435469177,8890000000.0,7930000000.0,7500000000.0,6520000000.0,0.0417518689993956
0.0001407296130837,2240000000.0,0.251138779228667,7020000000.0,0.0001119687954813,888000000.0,648000000.0,0.208171369818628
8890000000.0,2680000000.0,0.189189189189189,8210000000.0,0.0004069855535414,0.0001173719489791,5910000000.0,0.0403752349969881
0.0003887698925124,0.0,0.288693187569592,7120000000.0,2500000000.0,0.0002299573958128,4060000000.0,0.196732226389078
0.0004143255576656,0.0,0.202449640651888,6890000000.0,3730000000.0,0.0002073547731569,8060000000.0,0.270336044696039
0.0001652445497918,4820000000.0,0.17694098592975,6220000000.0,0.0001841944007577,0.0001061578939411,2650000000.0,0.452707286297471
8410000000.0,214000000.0,0.17744711003138,7840000000.0,0.0001219045930325,0.0001685247156837,48600000.0,0.399131240655788
0.0001032633890581,0.0,0.0,5060000000.0,0.00012477068848,7760000000.0,3810000000.0,0.522064346422653
0.0001971602221099,0.0001095115631476,0.0786516853932584,6970000000.0,6210000000.0,0.0001050958796779,8990000000.0,0.154222924538821
0.0001491710771389,6720000000.0,0.195262678408746,6770000000.0,0.000169099631401,0.0001042669522668,0.0001302733876502,0.10498115885564
0.0001557623572915,1260000000.0,0.21662111549752,8700000000.0,6650000000.0,0.0001328477217616,3720000000.0,0.227478746699315
0.0001475521662242,0.0,0.0727806458143537,5460000000.0,0.0002304340739769,0.0001138928391933,0.0001615470140991,0.510606577535856
0.0002384424504344,0.0001363376514846,0.417046259742889,5290000000.0,728000000.0,0.0001241298156589,0.0001109741313575,0.0606266329868867
0.000157612541194,53500000.0,0.109828930053649,8130000000.0,8940000000.0,0.0001468287575725,0.000177153499634,0.117454050803784
0.0002971857893387,0.0001376959344383,0.185443870837129,8040000000.0,6960000000.0,6700000000.0,5070000000.0,0.469561472788057
0.0001236154119856,526000000.0,0.0406923777710295,4500000000.0,0.0001822836704594,0.0001010239957551,9510000000.0,0.281235762692835
9670000000.0,2700000000.0,0.0536491547727503,8330000000.0,0.0001207581548536,0.0001476108632242,4140000000.0,0.270501430987609
0.0001053448459484,428000000.0,0.105172588318656,7720000000.0,2790000000.0,4050000000.0,2710000000.0,0.111866832028302
0.000195772584183,6640000000.0,0.211964773762527,7940000000.0,4380000000.0,0.0001597239539107,6740000000.0,0.155443464833159
0.0001040728445155,2310000000.0,0.242737119141614,7380000000.0,6530000000.0,0.0001278770938808,2440000000.0,0.248380353833397
0.0001236154119856,900000000.0,0.2735094645207,7180000000.0,0.0006343624590411,0.0001317517092523,8120000000.0,0.140534956273451
4870000000.0,968000000.0,0.0274319263083308,6980000000.0,0.0002730433596294,0.0001275930487279,6090000000.0,0.572622648558492
0.0001275470527784,6840000000.0,0.165502581232918,7330000000.0,8220000000.0,7810000000.0,4870000000.0,0.248153431940244
0.0002038671387565,0.0001088324216707,0.126227350946452,8810000000.0,6940000000.0,0.0001378871645129,0.0001171089089589,0.183615641985657
0.0001549529018342,4620000000.0,0.136855957080676,7490000000.0,0.0002222179336942,0.000131268893621,5570000000.0,0.0548976669299142
0.0002856221399481,0.0,0.235752606539123,6770000000.0,6130000000.0,9180000000.0,5130000000.0,0.182692607961917
0.0001001412037227,4750000000.0,0.141309849175018,6440000000.0,908000000.0,0.0001300558709221,0.0001321868198905,0.0988228661431726
0.0001535652639073,2390000000.0,0.177548334851706,6280000000.0,0.0001442601375229,0.0001295931084986,8040000000.0,0.147903098935168
0.0001389950656751,2110000000.0,0.142726996659581,7850000000.0,0.0001014597788406,0.0001290921363822,6570000000.0,0.149223567302534
8150000000.0,2730000000.0,0.0008097985626075,6230000000.0,6840000000.0,8480000000.0,670000000.0,0.525565211293059
0.0001682510986334,4160000000.0,0.238384451867598,7250000000.0,0.000130502879375,0.0001360026470794,0.0001537237132171,0.243266315062718
0.0002291915309219,0.0001928761794352,0.102743192630833,6810000000.0,9970000000.0,0.0001597381086842,0.0001416887987529,0.137681766394108
0.0001808554764691,5400000000.0,0.254782872760401,6620000000.0,9460000000.0,6880000000.0,1560000000.0,0.245409935869541
0.0001341383329311,4530000000.0,0.18443162263387,6620000000.0,7170000000.0,0.0001318310872551,5000000000.0,0.268152605762937
0.0001844402077802,0.0001000035824712,0.0,6600000000.0,0.0001841944007577,0.0001052677262126,4620000000.0,0.258369477161421
0.0003538476713527,0.0002913516935835,0.0439315720214597,6790000000.0,3990000000.0,0.0001383596502468,9260000000.0,0.385641485934165
0.0002491966443677,7610000000.0,0.143840469683166,8180000000.0,0.0001262992727187,0.000132560824328,2440000000.0,0.165689296942616
0.0001947318557379,1100000000.0,0.0,9310000000.0,6170000000.0,0.0001091767146509,0.0001447605707743,0.399287605031659
0.0001350634248823,1140000000.0,0.273003340419071,8150000000.0,0.0001029883630792,7190000000.0,6990000000.0,0.189933729943345
0.000104651026985,6810000000.0,0.0392752302864662,6450000000.0,5220000000.0,0.0001978114334666,0.0001135367727329,0.302721979220159
0.0001045353904911,6620000000.0,0.0569895738435064,5240000000.0,0.0004373661652846,0.0001740970523019,2590000000.0,0.076903398277228
0.0001021070241191,0.0,0.149306609980767,6520000000.0,0.0002407520175878,9330000000.0,768000000.0,0.119678747981164
915000000.0,1290000000.0,0.275230286466242,6310000000.0,0.0001335600478523,8870000000.0,433000000.0,0.135609821933686
613000000.0,424000000.0,0.284542969936228,8380000000.0,0.0001136884527498,9790000000.0,319000000.0,0.253607043096872
0.0001828212968655,73200000.0,0.225933798967507,9970000000.0,0.0002166768158291,0.0001609802043778,0.0001436137162238,0.167443484635298
9760000000.0,5500000000.0,0.0,5640000000.0,0.0001778889907732,0.0001455660702334,0.0002597549158929,0.442858474265271
0.0002576381084228,0.0001113792022091,0.122886931875696,7030000000.0,6780000000.0,7060000000.0,1710000000.0,0.238783006652242
0.0001398045211325,4310000000.0,0.220163984208928,7670000000.0,0.0002122821361429,0.0001764689563594,0.0001651267252035,0.0735908923697999
0.0001601565440599,2480000000.0,0.240712622735095,8020000000.0,0.0001519030587161,0.0001100970660306,4080000000.0,0.432782707281256
0.0001452394363461,3170000000.0,0.195060228768094,7510000000.0,0.000452843080701,0.0001564165293926,0.0001717353847448,0.101444302399176
0.0001716045569566,0.0,0.0,8160000000.0,0.0003668602172767,0.0001928825091023,707000000.0,0.463973715776221
0.0001246561404308,2390000000.0,0.233019536390323,8890000000.0,6060000000.0,0.0001260428094875,2640000000.0,0.226051852165511
0.0001503274420779,4750000000.0,0.0,7530000000.0,6920000000.0,5790000000.0,4650000000.0,0.247520361646564
7440000000.0,3500000000.0,0.150015183723049,9360000000.0,992000000.0,5430000000.0,1470000000.0,0.222085747567877
0.0002250286171413,2850000000.0,0.0610385666565442,7300000000.0,0.0070012979590916,0.0002826157349245,950000000.0,0.0420598001126962
0.0001414234320471,985000000.0,0.265816378175929,6880000000.0,0.0002086517485761,0.0001296546170068,0.0001339441075492,0.198867174462328
0.000247577733453,856000000.0,0.15598744812228,6940000000.0,8710000000.0,0.000142978259101,4720000000.0,0.26363138836396
0.0001729921948835,0.0001056064996555,0.0,6730000000.0,0.0001893533725631,0.0002016499955399,0.0001905463754041,0.358572260445452
0.0001387637926873,3570000000.0,0.254782872760401,7190000000.0,7870000000.0,0.0001098874066549,0.0001308180422299,0.432113061709503
0.0002201718843972,6320000000.0,0.128757971454601,5710000000.0,0.000320047324968,0.0001179633756998,6470000000.0,0.160382152191596
0.0001312474205834,2170000000.0,0.190505111853426,7390000000.0,4620000000.0,0.0001299280720028,7830000000.0,0.251764568112806
8550000000.0,0.0,0.32068023079259,6680000000.0,19100000.0,0.0001328459460626,0.0001009357963886,0.392928818760794
0.0002199406114094,3970000000.0,0.0658973580321895,7090000000.0,0.0001593549068796,0.0001222025052023,7820000000.0,0.530635338861769
6860000000.0,1770000000.0,0.173803016499646,6930000000.0,0.0001312671714943,9500000000.0,7080000000.0,0.225796727100643
0.0001172554048208,2950000000.0,0.146472315011641,6620000000.0,0.0001398654578367,0.0001694491416242,0.0001013615886722,0.133035127527656
471000000.0,0.0,0.0,8840000000.0,0.0001576352496111,0.0001492102809541,3840000000.0,0.470212972253174
0.0002128867852811,0.0001202080414086,0.171677295272801,7820000000.0,5120000000.0,0.0001392464672064,936000000.0,0.216460720012965
0.0001615441819868,5550000000.0,0.160947464318251,6710000000.0,0.0001362350702699,0.0001429232003897,9540000000.0,0.189731351008084
693000000.0,1290000000.0,0.247393460876607,6470000000.0,0.0003192830328487,0.0001360903407583,1480000000.0,0.154247559441118
0.0002003980439393,0.0001000035824712,0.0947464318250835,8540000000.0,8220000000.0,6580000000.0,6650000000.0,0.424330789046354
0.0001743798328104,5940000000.0,0.0818908796436886,6350000000.0,0.0001715835807888,9670000000.0,3410000000.0,0.388235548584273
0.0001709107379932,2890000000.0,0.244255491446503,7600000000.0,7150000000.0,0.0001341178165119,659000000.0,0.167150784267807
0.0001074263028387,4010000000.0,0.0,7640000000.0,0.000132795755733,0.0001184299538933,9650000000.0,0.204069324900245
0.0002072205970797,362000000.0,0.213786820528394,6920000000.0,0.0002176321809782,0.0001880646859184,0.0002396225814204,0.160953073232265
0.0001769238356763,0.0001273390269159,0.164692782670311,7520000000.0,9530000000.0,8530000000.0,4460000000.0,0.165435303103867
7770000000.0,238000000.0,0.284036845834599,5410000000.0,908000000.0,6280000000.0,3340000000.0,0.146143888391905
0.0002194780654338,0.0001438082077303,0.280493977123191,6210000000.0,5350000000.0,0.0001136455934552,0.0001669157726326,0.253528306659793
0.0001548372653403,7200000000.0,0.142018422917299,6250000000.0,0.0007969656074278,0.0001574972885157,0.0001503931163817,0.180302947024001
7220000000.0,3040000000.0,0.0879643688632453,8230000000.0,0.0029239905755138,0.000110354483924,8930000000.0,0.0888237559997289
0.0001459332553095,7540000000.0,0.0494989371393866,6580000000.0,8100000000.0,6710000000.0,4240000000.0,0.327135378145792
0.0003824098853475,0.0001348095831616,0.0500050612410163,7390000000.0,4830000000.0,0.0001743914141335,0.0001790762642877,0.352751493581088
0.0001143644924731,79800000.0,0.17046259742889,9070000000.0,9040000000.0,6130000000.0,1250000000.0,0.368509701719578
9850000000.0,2700000000.0,0.241421196477376,8470000000.0,5730000000.0,0.0001115158812233,2840000000.0,0.167998965214266
0.0002423740912272,0.0001993280234656,0.0,6020000000.0,0.000125917126659,0.0001404233311521,0.0001227708173266,0.376807460178186
0.0001392263386629,486000000.0,0.206194959003948,6820000000.0,7430000000.0,7900000000.0,3870000000.0,0.432501647695409
8500000000.0,3750000000.0,0.0454499443263488,6430000000.0,0.0001620299292972,0.0001384020640428,1050000000.0,0.304367490691166
0.000194616219244,0.000125131817116,0.128049397712319,7460000000.0,9110000000.0,0.0001146615176822,4740000000.0,0.170272274122234
0.0001374917912543,2500000000.0,0.222390930256099,7910000000.0,0.0001383368735981,0.0001259053968253,703000000.0,0.115417800401455
0.0001061543014058,5600000000.0,0.0852312987144448,8740000000.0,0.0001490369632686,0.0001591840377346,249000000.0,0.299467693750283
0.000248734098392,0.0,0.217430914060128,6960000000.0,6900000000.0,7550000000.0,1240000000.0,0.212349965170013
0.0001450081633582,8400000000.0,0.260350237878328,7580000000.0,0.0002866095447474,0.0001757722014626,220000000.0,0.117730520400916
0.0005340093288585,0.0003626615486564,0.107095859904849,8320000000.0,0.0002159125237097,0.0002495983555844,0.000120017401721,0.22226100910188
7000000000.0,0.0,0.0,8110000000.0,0.0001547691541636,0.0001241560654538,8820000000.0,0.0554717647014632
0.0002274569835133,0.0001156238364396,0.0446401457637413,7650000000.0,0.0001039437282284,9040000000.0,0.0001102347954622,0.309419682902215
0.000182243114396,3060000000.0,0.0104261564935722,6680000000.0,6860000000.0,0.000113515227777,0.0001816865240843,0.360918980246536
9690000000.0,1770000000.0,0.290515234335459,7340000000.0,5900000000.0,0.0001425457361405,3960000000.0,0.200832843586462
0.0001015288416495,3280000000.0,0.135033910314809,7850000000.0,0.0001014597788406,0.0001344108309274,5770000000.0,0.162308366834741
0.0001688292811029,5280000000.0,0.0,6890000000.0,0.000245146697274,9490000000.0,562000000.0,0.0733298673667026
0.0001398045211325,469000000.0,0.134831460674157,9360000000.0,7030000000.0,0.0001298557677149,2150000000.0,0.201792711159078
0.0002128867852811,0.0001327721587309,0.28474541957688,6200000000.0,6190000000.0,0.0001050159271065,9030000000.0,0.341885077021664
0.0002686235753439,5380000000.0,0.139184127948173,6390000000.0,0.0003397278470406,0.0001966501195914,7280000000.0,0.276133053745753
0.0001389950656751,8050000000.0,0.0563822249215508,6840000000.0,0.0001549602271934,8500000000.0,367000000.0,0.404965884926952
0.0002976483353143,0.0001295462367157,0.110233829334953,7910000000.0,5480000000.0,0.0001679191952888,0.0001052874533418,0.138000149210275
0.0001025695700947,486000000.0,0.203056989573843,7510000000.0,5080000000.0,0.0002140916554518,0.0001094155227535,0.204953395157523
0.0002480402794286,0.00016350331056,0.0256098795424638,6510000000.0,655000000.0,0.0001033487737316,0.0001149065737166,0.257991333580631
0.0001660540052492,2850000000.0,0.126328575766778,6550000000.0,6800000000.0,8030000000.0,2550000000.0,0.358509136994971
0.0001387637926873,0.0001061158557632,0.247697135337585,6610000000.0,0.000106618750646,0.0001634327548365,0.0001393524841258,0.115951222587659
0.0001159834033878,883000000.0,0.244964065188784,7220000000.0,7910000000.0,4780000000.0,1580000000.0,0.510376353908754
6560000000.0,1710000000.0,0.0,8050000000.0,0.0001929837601299,0.0001426636052455,4970000000.0,0.228607687637489
0.0001995885884819,0.0001003431532097,0.266322502277558,8550000000.0,0.0001108223573023,0.0001370653725035,9130000000.0,0.0824743170657756
0.0001820118414082,1730000000.0,0.250328980666059,6430000000.0,5160000000.0,0.0001087028183453,6560000000.0,0.427154406918725
0.0001940380367744,0.0001163029779165,0.131491041603401,5940000000.0,5330000000.0,0.0001429995442825,4370000000.0,0.397466788637154
0.0001611972725051,5330000000.0,0.153254377973479,7780000000.0,0.000152094131746,0.0001200379034968,5900000000.0,0.349550476980925
0.000167441643176,3060000000.0,0.276849883591457,4510000000.0,0.0001201849357641,0.000113658440762,3190000000.0,0.1628065412548
0.0001888343945487,8610000000.0,0.0638728616256706,7350000000.0,0.000105472312467,0.0001082859641288,0.0001454836396695,0.228868811816574
0.0003880760735489,0.0001361678661154,0.107703208826804,6720000000.0,0.0005214382984105,0.0001891575788375,7030000000.0,0.32012223386856
0.0001548372653403,7610000000.0,0.160745014677599,6810000000.0,0.0002180143270379,0.0001680585167173,0.0001596988916025,0.178050760535406
0.0002258380725986,0.0001675781594213,0.0528393562101427,8130000000.0,0.0001131152336603,0.0001147615340362,7240000000.0,0.118361724946314
0.0001326350585103,3330000000.0,0.243749367344873,6900000000.0,5450000000.0,0.0001106093421085,3540000000.0,0.106559279209412
0.0002043296847321,6980000000.0,0.234031784593582,7750000000.0,0.0001324136096733,0.0001166260622987,4060000000.0,0.227990955554822
0.0002464213685139,8050000000.0,0.104261564935722,7840000000.0,0.0001473173060002,0.0001120625424117,4500000000.0,0.545061071106708
0.0001457019823217,749000000.0,0.304585484360765,7810000000.0,8710000000.0,0.0001184608536989,9140000000.0,0.125748126320737
0.0001061543014058,2820000000.0,0.117522016398421,8220000000.0,0.0001448333566123,8930000000.0,3850000000.0,0.314960302393209
0.0003102527131501,0.0001531464030375,0.167223403178459,6770000000.0,7260000000.0,6430000000.0,5280000000.0,0.280250148620384
0.0002318511702817,263000000.0,0.178256908593987,6690000000.0,8600000000.0,6880000000.0,5850000000.0,0.507077811154033
0.0004065779125739,0.0,0.214596619091001,7050000000.0,3940000000.0,0.0002124947192943,2760000000.0,0.237884204628346
7250000000.0,2530000000.0,0.217430914060128,9010000000.0,0.0001220956660624,8180000000.0,6120000000.0,0.202795377303044
852000000.0,0.0,0.227553396092722,8160000000.0,734000000.0,8680000000.0,3740000000.0,0.570735765459432
8220000000.0,2650000000.0,0.149002935519789,7070000000.0,902000000.0,0.0001620816679452,5450000000.0,0.214248597524454
8360000000.0,1490000000.0,0.311468772142929,6540000000.0,0.0001243885424204,0.0001286860362334,7470000000.0,0.231091749653243
0.000180971112963,73200000.0,0.0,5200000000.0,7570000000.0,0.0001161775721474,0.0001094234373784,0.252479828440747
7780000000.0,645000000.0,0.254276748658771,8560000000.0,0.0002275679785295,0.0001024075096413,690000000.0,0.410670334886196
0.000177386381652,0.0001015316507942,0.215608867294261,5750000000.0,8900000000.0,0.0001316230802047,7100000000.0,0.0809048622139934
0.0001315943300651,3040000000.0,0.209940277356008,6740000000.0,0.0001196117166746,0.0001036684447812,0.0001038307662574,0.352891790413747
0.0001956569476891,0.0001351491539,0.0196376151432331,7590000000.0,9880000000.0,0.0001819635332255,0.0001637962417177,0.384941894379316
7160000000.0,662000000.0,0.182103451766373,6840000000.0,0.0001727300189678,8780000000.0,4940000000.0,0.227221357116044
0.0001820118414082,4400000000.0,0.252353477072578,9490000000.0,0.000125917126659,0.0001533088799666,1930000000.0,0.158324335144112
0.0001384168832056,8440000000.0,0.0,5710000000.0,8730000000.0,0.0001468081292087,9280000000.0,0.0507098099875254
0.0001241935944551,8250000000.0,0.201336167628302,7130000000.0,0.000106618750646,0.0001242987441136,862000000.0,0.206464196709887
0.0001377230642422,3600000000.0,0.330499038364207,7000000000.0,0.0001068098236758,0.0001757518832953,0.0001230834446027,0.153114065705225
7570000000.0,3630000000.0,0.229274218038263,8730000000.0,0.0002252751021715,9090000000.0,3830000000.0,0.0834532667184197
604000.0,0.0,0.285656442959814,6280000000.0,7870000000.0,81200000.0,458000000.0,0.289657202906787
3150000000.0,0.0,0.256098795424638,7580000000.0,0.0001627942214165,0.0001174834922484,5330000000.0,0.158447341263035
0.0002205187938789,5380000000.0,0.101022370685292,9000000000.0,908000000.0,0.0001188096700049,0.0001095166504422,0.145759202295127
3470000000.0,0.0,0.326956169652799,6890000000.0,0.0001734943110871,0.0001392669645592,5920000000.0,0.0346814898459966
0.0001727609218957,0.0,0.220973782771536,7460000000.0,974000000.0,0.0001498990797208,0.0002613151799447,0.327226933079378
0.0001026852065886,1710000000.0,0.195262678408746,6290000000.0,3630000000.0,8660000000.0,520000000.0,0.241323290089531
0.0001497492596084,53500000.0,0.174511590241927,7220000000.0,0.000130502879375,0.0001446685165371,0.0001179753051696,0.219755945537489
0.0001457019823217,3110000000.0,0.0984917501771434,7800000000.0,5690000000.0,0.0001599944673269,5450000000.0,0.242069186500153
0.0001328663314981,2260000000.0,0.201943516550258,7770000000.0,0.0002141928664412,0.0001464331438881,0.000191086893406,0.15041886627473
0.0001689449175968,0.0001298858074542,0.0062759388602085,7990000000.0,6460000000.0,0.0001347748744761,3630000000.0,0.277122563575001
0.0001746111057982,1530000000.0,0.174511590241927,8010000000.0,0.0001736853841169,0.0002114092693298,1440000000.0,0.114395687499089
0.0001113579436316,3750000000.0,0.182710800688329,9280000000.0,8790000000.0,0.0001427778207288,9530000000.0,0.127181394977965
0.0001315943300651,5310000000.0,0.176232412187468,6920000000.0,5330000000.0,6930000000.0,6280000000.0,0.576961040188181
0.0003640236828164,1730000000.0,0.409353173398117,5970000000.0,0.0001048990933775,0.0001472221379006,0.0001055413142624,0.440290809990505
0.000171142010981,4040000000.0,0.158315618989776,8750000000.0,5370000000.0,0.0001714899857779,0.0001721903829826,0.250368631983647
9010000000.0,1460000000.0,0.154367850997064,8390000000.0,7110000000.0,8710000000.0,36000000.0,0.325756844303355
0.0001053448459484,2170000000.0,0.213584370887742,8980000000.0,0.0001131152336603,0.0001690375519366,0.0001836427456078,0.10792924465968
0.0001025695700947,7160000000.0,0.268751897965381,7280000000.0,0.0001318403905838,0.0001404865383976,0.0001901606756654,0.0995207882355492
0.0001119361261011,3380000000.0,0.244356716266829,5770000000.0,9610000000.0,0.0001732660877572,0.0001018237910072,0.113116713952056
0.0001865216646705,0.0001207173975162,0.0467658669905861,6620000000.0,8560000000.0,0.0001064212907554,4850000000.0,0.313807949723262
